tsmcode,alert
ANR0101E,high
ANR0102E,high
ANR0104E,high
ANR0106E,high
ANR0110E,low
ANR0130E,critical
ANR0131E,critical
ANR0159E,high
ANR0162W,info
ANR0170E,high
ANR0203W,critical
ANR0205W,critical
ANR0207E,critical
ANR0214W,high
ANR0215W,high
ANR0230E,critical
ANR0246E,critical
ANR0248E,high
ANR0252E,high
ANR0253E,critical
ANR0254E,critical
ANR0255E,critical
ANR0256E,critical
ANR0257E,critical
ANR0258E,high
ANR0277E,high
ANR0362W,high
ANR0420W,ignore
ANR0422W,ignore
ANR0423W,medium
ANR0424W,low
ANR0429W,low
ANR0431W,low
ANR0435W,low
ANR0440W,low
ANR0444W,low
ANR0451W,low
ANR0454E,medium
ANR0470W,low
ANR0473W,low
ANR0479W,medium
ANR0480W,low
ANR0481W,low
ANR0482W,ignore
ANR0483W,ignore
ANR0484W,medium
ANR0486W,medium
ANR0487W,low
ANR0516E,info
ANR0522W,high
ANR0523W,high
ANR0524W,low
ANR0525W,medium
ANR0527W,high
ANR0530W,medium
ANR0532W,high
ANR0534W,medium
ANR0535W,info
ANR0539W,info
ANR0541W,medium
ANR0542W,medium
ANR0546W,high
ANR0548W,medium
ANR0551E,low
ANR0565W,medium
ANR0566W,medium
ANR0567W,info
ANR0568W,ignore
ANR0706E,ignore
ANR0707E,ignore
ANR0722E,medium
ANR0730E,high
ANR0848W,low
ANR0852E,ignore
ANR0871E,ignore
ANR0874E,medium
ANR0918E,medium
ANR0923E,ignore
ANR0924E,ignore
ANR0927E,ignore
ANR0928E,ignore
ANR0942E,ignore
ANR0944E,ignore
ANR0947E,ignore
ANR1020W,ignore
ANR1021W,medium
ANR1023W,medium
ANR1025W,medium
ANR1080W,low
ANR1081E,low
ANR1082E,low
ANR1083E,high
ANR1085E,info
ANR1086E,medium
ANR1092E,medium
ANR1120W,ignore
ANR1121E,medium
ANR1122E,low
ANR1123E,high
ANR1124E,medium
ANR1126E,medium
ANR1134E,low
ANR1135E,low
ANR1143W,ignore
ANR1144W,medium
ANR1145W,info
ANR1146W,high
ANR1147W,high
ANR1149W,medium
ANR1156W,high
ANR1161W,low
ANR1162W,medium
ANR1165E,high
ANR1168W,medium
ANR1175W,medium
ANR1181E,high
ANR1216E,medium
ANR1217E,low
ANR1218E,high
ANR1221E,medium
ANR1229W,medium
ANR1257W,low
ANR1311E,high
ANR1315E,high
ANR1316E,high
ANR1330E,medium
ANR1331E,medium
ANR1401W,medium
ANR1402W,medium
ANR1404W,medium
ANR1405W,medium
ANR1410W,medium
ANR1411W,medium
ANR1412W,medium
ANR1414W,medium
ANR1417W,medium
ANR1420W,low
ANR1435E,high
ANR1436E,high
ANR1450E,ignore
ANR1453E,ignore
ANR1455E,ignore
ANR1463E,low
ANR1464E,low
ANR1469E,ignore
ANR1475E,ignore
ANR1481E,ignore
ANR1491E,ignore
ANR1495E,ignore
ANR1545W,high
ANR1560E,ignore
ANR1567E,ignore
ANR1569E,ignore
ANR1572E,ignore
ANR1574E,ignore
ANR1582E,ignore
ANR1585E,ignore
ANR1590E,ignore
ANR1591E,ignore
ANR1594E,ignore
ANR1595E,ignore
ANR1596E,ignore
ANR1598E,ignore
ANR1599E,ignore
ANR1600E,ignore
ANR1602E,ignore
ANR1603E,ignore
ANR1605E,ignore
ANR1630W,ignore
ANR1632E,ignore
ANR1651E,low
ANR1659E,ignore
ANR1663E,ignore
ANR1679E,ignore
ANR1683E,ignore
ANR1684E,low
ANR1689E,low
ANR1695W,ignore
ANR1696E,info
ANR1700E,medium
ANR1701E,ignore
ANR1723E,ignore
ANR1725E,ignore
ANR1726E,ignore
ANR1727E,low
ANR1763E,ignore
ANR1783E,low
ANR1794W,ignore
ANR1855E,low
ANR1859W,info
ANR1893E,high
ANR1995E,ignore
ANR1997E,ignore
ANR2000E,ignore
ANR2002E,ignore
ANR2003E,ignore
ANR2004E,ignore
ANR2005E,ignore
ANR2006E,high
ANR2009E,high
ANR2011W,high
ANR2013E,info
ANR2020E,ignore
ANR2021E,ignore
ANR2022E,ignore
ANR2023E,ignore
ANR2024E,ignore
ANR2028E,high
ANR2031E,ignore
ANR2032E,high
ANR2033E,low
ANR2034E,ignore
ANR2035E,medium
ANR2049E,ignore
ANR2051E,ignore
ANR2111W,ignore
ANR2117E,ignore
ANR2121W,low
ANR2142E,ignore
ANR2143E,ignore
ANR2144E,ignore
ANR2146E,ignore
ANR2147E,ignore
ANR2148E,ignore
ANR2150E,ignore
ANR2151E,ignore
ANR2152E,low
ANR2154E,ignore
ANR2155E,ignore
ANR2156E,ignore
ANR2159E,ignore
ANR2165E,ignore
ANR2166E,ignore
ANR2167E,ignore
ANR2168E,ignore
ANR2171E,ignore
ANR2174E,ignore
ANR2209W,ignore
ANR2233W,ignore
ANR2303E,ignore
ANR2306E,ignore
ANR2307E,ignore
ANR2316W,low
ANR2317W,low
ANR2327W,medium
ANR2335W,medium
ANR2338E,medium
ANR2343E,ignore
ANR2344E,ignore
ANR2347E,ignore
ANR2350E,ignore
ANR2351E,ignore
ANR2354E,ignore
ANR2355E,ignore
ANR2359E,ignore
ANR2361E,high
ANR2371E,ignore
ANR2380E,ignore
ANR2381E,ignore
ANR2382E,ignore
ANR2385E,ignore
ANR2386E,ignore
ANR2388E,ignore
ANR2396E,medium
ANR2397E,medium
ANR2399E,ignore
ANR2400E,ignore
ANR2401E,ignore
ANR2402E,ignore
ANR2403E,ignore
ANR2404E,ignore
ANR2405E,ignore
ANR2406E,ignore
ANR2408E,ignore
ANR2410E,low
ANR2411E,low
ANR2412E,ignore
ANR2414E,ignore
ANR2416E,ignore
ANR2418E,ignore
ANR2420E,ignore
ANR2422E,ignore
ANR2423E,ignore
ANR2430E,ignore
ANR2431E,ignore
ANR2433E,ignore
ANR2434E,ignore
ANR2436E,ignore
ANR2438E,ignore
ANR2444E,ignore
ANR2445E,ignore
ANR2469E,ignore
ANR2568E,ignore
ANR2576W,ignore
ANR2578W,ignore
ANR2579E,ignore
ANR2597W,ignore
ANR2590E,critical
ANR2602E,ignore
ANR2606E,ignore
ANR2607E,ignore
ANR2611E,ignore
ANR2617E,ignore
ANR2618E,ignore
ANR2619E,ignore
ANR2621E,ignore
ANR2622E,ignore
ANR2623E,ignore
ANR2624E,ignore
ANR2625E,ignore
ANR2627E,ignore
ANR2628E,ignore
ANR2631E,ignore
ANR2633E,ignore
ANR2647E,ignore
ANR2649E,ignore
ANR2650E,ignore
ANR2652E,ignore
ANR2679E,ignore
ANR2752E,low
ANR2816E,ignore
ANR2841W,medium
ANR2904E,ignore
ANR2905E,ignore
ANR2906E,ignore
ANR2907E,ignore
ANR2908E,ignore
ANR2909E,ignore
ANR2910E,ignore
ANR2911E,ignore
ANR2914E,ignore
ANR2916E,ignore
ANR2921E,ignore
ANR2933E,ignore
ANR2938E,ignore
ANR2939E,ignore
ANR2940E,ignore
ANR2944E,ignore
ANR2948E,ignore
ANR2956E,info
ANR2958E,low
ANR2964E,ignore
ANR2968E,high
ANR2971E,high
ANR2980E,high
ANR2983E,high
ANR2992W,info
ANR2997W,high
ANR2998W,critical
ANR3000E,ignore
ANR3001E,ignore
ANR3031W,ignore
ANR3006E,ignore
ANR3007E,ignore
ANR3011E,ignore
ANR3014E,ignore
ANR3015E,ignore
ANR3020E,ignore
ANR3089E,ignore
ANR3150E,ignore
ANR3151E,ignore
ANR3154E,ignore
ANR3155E,info
ANR3156E,info
ANR3159E,ignore
ANR3160E,info
ANR3161E,info
ANR3166E,info
ANR3171E,ignore
ANR3173E,info
ANR3174E,info
ANR3178E,medium
ANR3200E,ignore
ANR3201E,ignore
ANR3202E,ignore
ANR3206E,ignore
ANR3207E,ignore
ANR3209E,ignore
ANR3211E,ignore
ANR3212E,ignore
ANR3214E,ignore
ANR3217E,ignore
ANR3218E,ignore
ANR3225E,ignore
ANR3230E,ignore
ANR3234E,ignore
ANR3235E,ignore
ANR3619W,info
ANR4373E,log
ANR4374E,low
ANR4377E,info
ANR4383E,low
ANR4510E,high
ANR4511E,high
ANR4537I,critical
ANR4571E,critical
ANR4573E,critical
ANR4578E,critical
ANR4581W,high
ANR4583E,critical
ANR4588E,high
ANR4724E,ignore
ANR4743W,medium
ANR4759E,low
ANR4872E,ignore
ANR4877E,ignore
ANR4881E,ignore
ANR4882E,ignore
ANR4885E,ignore
ANR4921E,ignore
ANR4922E,ignore
ANR4923E,ignore
ANR4925W,ignore
ANR4926W,ignore
ANR4927W,ignore
ANR4929E,ignore
ANR4937E,ignore
ANR4942E,ignore
ANR4994E,low
ANR6618E,ignore
ANR6752W,medium
ANR6951E,medium
ANR6954E,medium
ANR7864W,medium
ANR8202E,critical
ANR8213E,low
ANR8225W,critical
ANR8300E,high
ANR8302E,high
ANR8311E,high
ANR8312E,medium
ANR8313E,high
ANR8339E,high
ANR8345E,ignore
ANR8347E,ignore
ANR8348E,ignore
ANR8351E,low
ANR8354E,medium
ANR8355E,high
ANR8356E,medium
ANR8358E,high
ANR8359E,high
ANR8362E,ignore
ANR8366E,ignore
ANR8369E,ignore
ANR8381E,low
ANR8384E,medium
ANR8385E,medium
ANR8390W,medium
ANR8402E,ignore
ANR8403E,ignore
ANR8406E,ignore
ANR8409E,ignore
ANR8413E,ignore
ANR8414E,ignore
ANR8420E,high
ANR8426E,medium
ANR8428E,ignore
ANR8429E,ignore
ANR8432E,low
ANR8433E,high
ANR8437E,medium
ANR8440E,medium
ANR8441E,high
ANR8442E,ignore
ANR8443E,medium
ANR8444E,high
ANR8446W,high
ANR8447E,high
ANR8455E,low
ANR8463E,low
ANR8469E,high
ANR8470W,medium
ANR8471E,low
ANR8475I,low
ANR8482W,medium
ANR8485E,high
ANR8501E,high
ANR8503E,high
ANR8504E,high
ANR8551E,high
ANR8555E,high
ANR8556E,high
ANR8578E,medium
ANR8757W,high
ANR8778W,medium
ANR8779E,high
ANR8788W,low
ANR8792E,high
ANR8831W,high
ANR8839W,medium
ANR8840E,medium
ANR8843E,critical
ANR8848W,high
ANR8873E,medium
ANR8925W,medium
ANR8926W,medium
ANR8938E,high
ANR8942E,medium
ANR8943E,high
ANR8944E,high
ANR8954E,medium
ANR8989E,high
ANR9778E,high
ANR9779E,medium
ANR9790W,medium
ANR9900W,medium
ANR9902W,medium
ANR9999D,high
